id_estaciones,lat,lon,pertenece_poligono
IAMBUL1,-31.50071,-65.06387,False
IDEPAR104,-31.49246,-65.05929,False
ICRDOBAM4,-31.7304,-65.0143,True
IDEPAR59,-31.82436,-64.97172,True
IDEPAR58,-31.82434,-64.97166,True
IDEPAR62,-31.82446,-64.97164,True
IDEPAR60,-31.82498,-64.97146,True
IVILLA1118,-31.8255,-64.9602,True
ICRDOBAP7,-31.62469,-64.70776,True
ISANJAVI8,-31.94694,-65.10321,False
ISANJAVI6,-31.95112,-65.16649,False
ISANJA13,-32.02453,-65.03772,True
ICRDOBAC8,-32.01506,-64.7644,True
IJUNND5,-32.32057,-65.01967,True
IJUNNDEP2,-32.3337,-65.02409,True
IJUNND4,-32.34216,-65.02437,True
IJUNND3,-32.34725,-64.99082,True
ISLELRIN2,-32.37048,-64.93154,True
IJUNND2,-32.40856,-64.97334,True
ICHACA4,-32.54526,-65.27138,False
ISAMPA2,-33.28369,-64.81426,True
IGENERAL16,-33.32032,-65.31464,False
IROCUA52,-33.38715,-64.84929,True
IROCUA66,-33.17562,-64.55365,True
IROCUA59,-33.38706,-64.72471,True
IROCUA31,-33.39443,-64.71106,True
IRODEL10,-32.52993,-64.59087,True
IROCUA43,-33.11467,-64.39926,True
IROCUA64,-33.45232,-64.62021,True
IROCUA16,-33.12954,-64.35394,True
ISANLUIS14,-33.63993,-65.5007,False
IVILLA350,-33.68722,-65.47229,False
IGENER91,-33.95284,-65.12799,False
IGENER87,-33.96068,-65.12764,False
IGENER89,-33.97037,-65.12273,False
ICORON72,-33.62647,-64.60447,True
IGENER78,-33.94718,-65.52156,False
IROCUA7,-33.9722,-64.64788,False
IROCUA6,-33.92037,-64.43179,True
ICRDOBAP4,-34.59965,-64.7212,False
IVILLA1029,-34.878,-64.98036,False
IVICUA11,-33.93738,-64.37098,True
IGOBER4,-34.84216,-65.66919,False
IREALIC3,-35.05854,-64.21302,False
IGOBER5,-35.16777,-65.90795,False
ICALAMUC6,-32.09524,-64.75641,True
ICALAM12,-32.52901,-64.59037,True
IROCUA73,-33.15076,-64.35633,True
IROCUA74,-33.15109,-64.35473,True
ICORON68,-33.622,-64.587,True
IJOVIT1,-34.51876,-63.94406,True
IROCUART13,-33.12035,-64.34824,True
ICALAMUC3,-31.96349,-64.64713,True
ICAADA3,-32.36943,-64.6375,True
IROCUA4,-32.60157,-64.37443,True
IROCUA63,-33.12329,-64.34833,True
ICRDOBAI2,-34.78368,-63.79471,False
ICRDOBAC32,-31.80246,-64.5548,True
ISANTA103,-31.77385,-64.54199,True
ISANTA43,-31.7897,-64.54444,True
IVILLA1083,-31.97811,-64.57768,True
ICALAMUC5,-31.98389,-64.57156,True
IROCUA51,-32.57224,-64.39291,True
ICRDOBAR5,-33.10932,-64.34025,True
IPUNILLA4,-31.47843,-64.56155,False
ISANAN112,-31.48646,-64.53611,False
IPUNIL5,-31.49334,-64.53042,False
IPUNIL18,-31.4716,-64.54064,False
ICALAM32,-31.99727,-64.55823,True
IVILLA1012,-32.15663,-64.50834,True
IROCUA25,-33.11927,-64.34353,True
IROCUA72,-33.12379,-64.34546,True
IPRESI21,-34.03986,-64.00543,True
IPUNILLA16,-31.47493,-64.5273,False
IPUNILLA17,-31.47495,-64.52714,False
ISANTA514,-31.64784,-64.48308,True
IPUNIL13,-31.47011,-64.5176,False
ICALAM17,-32.195,-64.45466,True
ICALAM20,-32.19499,-64.4546,True
IROCUA44,-32.45789,-64.38781,True
IROCUART16,-33.09781,-64.33013,True
IPRESI35,-34.30754,-63.86198,True
ICAVILLA6,-31.73341,-64.4622,True
ILASER21,-31.73466,-64.46028,True
ISANTAMA1767,-31.7377,-64.4528,True
ISANTA87,-31.73144,-64.44972,True
ISANTA418,-31.64445,-64.44166,True
ICALAM28,-32.21704,-64.32909,True
IPRESI20,-34.07015,-63.93099,True
IPRESI2,-34.49316,-63.68346,True
ISANTA396,-31.65822,-64.43173,True
ISANTA984,-31.65954,-64.43085,True
ISANTA277,-31.65943,-64.43074,True
ISANTA102,-31.66958,-64.43053,True
ISANTA641,-31.73498,-64.4392,True
ISANTA538,-31.80348,-64.41404,True
ICALAM30,-31.94188,-64.36635,True
IROCUA46,-32.42432,-64.19222,True
IROCUA49,-32.52108,-64.14266,True
IROCUA57,-33.127,-64.34328,True
IROCUA48,-33.35759,-64.16129,True
ISANTA374,-31.65741,-64.42876,True
ISANTA378,-31.72933,-64.42617,True
ICALAM11,-31.86267,-64.37986,True
ICALAM9,-31.94397,-64.36401,True
ICALAM23,-32.03134,-64.35606,True
ICASOCON5,-32.02966,-64.35555,True
IROCUA33,-32.47921,-64.11392,True
IROCUA47,-33.09667,-64.3052,True
IADELI1,-33.6358,-64.02161,True
IROCUA5,-33.63482,-64.02091,True
IPRESI8,-34.00193,-63.91681,True
IDEPAR43,-32.18716,-64.25198,True
ICAMONTE5,-33.69876,-63.96988,True
ISANTA52,-31.59037,-64.35648,False
ISANTA36,-31.59219,-64.34695,False
ISANTA541,-31.7535,-64.36589,True
IROCUA36,-32.47854,-64.11316,True
ICRDOBAR3,-33.1243,-64.34034,True
IJUREZ20,-33.698,-63.968,True
ICHAPA3,-35.06989,-63.57099,False
IVILLAPA2,-31.58429,-64.34015,False
ISANTA142,-31.83123,-64.27171,True
ICAMONTE9,-31.90447,-64.24488,True
ISANTA391,-31.91891,-64.23365,True
IROTER2,-32.17,-64.134,True
IROTER3,-32.17,-64.134,True
IDEPAR47,-32.30009,-64.10302,True
IROCUA55,-33.11064,-64.29748,True
IROCUART12,-33.23739,-64.14407,True
ISANTA206,-31.52745,-64.36377,False
IANISA1,-31.70255,-64.30313,True
ISANTA300,-31.91816,-64.21047,True
ISANTA577,-31.92933,-64.21554,True
IDEPAR65,-32.02871,-64.18993,True
IROTER12,-32.1695,-64.12809,True
IROTER11,-32.20537,-64.11364,True
IROCUA38,-32.47837,-64.11307,True
IROCUA34,-32.47848,-64.11301,True
IROCUA77,-33.122,-64.337,True
ICRDOB150,-31.49408,-64.2459,False
ISANTA203,-31.80564,-64.1855,True
IROTER1,-32.18,-64.113,True
IDEPAR27,-32.17203,-64.11197,True
ICRDOB75,-31.50729,-64.16777,False
ICRDOB21,-31.47535,-64.23797,False
ICRDOB175,-31.5033,-64.15252,False
ICRDOB32,-31.47176,-64.26004,False
IDESPE1,-31.90388,-64.11096,True
IBERRO3,-32.325,-64.04,True
IROCUA40,-33.27687,-63.96306,True
ICRDOB164,-31.49152,-64.16435,False
ICRDOB148,-31.48869,-64.14504,False
ICRDOBA65,-31.485,-64.15153,False
ICRDOBA61,-31.4718,-64.18931,False
IROSEG9,-31.76988,-64.041,True
IDESPE2,-31.76859,-63.98987,True
ISANTA580,-31.91986,-64.05231,True
IJUREZ14,-32.70459,-63.86128,True
IJUREZ15,-32.70499,-63.8608,True
IJUREZ25,-33.63663,-63.7689,True
IJUREZ12,-33.63488,-63.76425,True
IROSEG28,-31.59656,-63.98035,False
ICRDOBA72,-31.45892,-64.21125,False
IDEPAR28,-32.23059,-63.99378,True
IDEPAR77,-32.24136,-63.98643,True
IBERRO1,-32.37638,-63.94392,True
IJUREZ24,-33.65328,-63.73337,True
ICHAPA31,-35.26886,-63.55136,False
ICRDOBAC49,-31.45477,-64.20538,False
IROSEG30,-31.64373,-63.89931,True
IROSEGUN9,-31.65049,-63.89881,True
IDEPAR18,-32.69967,-63.70966,True
IJUREZ22,-33.35002,-63.71569,True
IGENER80,-35.12061,-63.38136,False
IJUREZ17,-33.33893,-63.71738,True
IPRESI28,-34.13356,-63.39651,True
IPRESI23,-34.13368,-63.3964,True
IROSEG17,-31.65297,-63.79043,True
IROSEG19,-31.64587,-63.75907,True
IONCAT1,-31.9563,-63.78016,True
ICORDOBA23,-33.10604,-63.72686,True
ILABOU36,-34.01165,-63.44069,True
IEMILI7,-34.78225,-63.19593,False
IROSEG22,-31.91179,-63.67847,True
IHERNA59,-32.435,-63.722,True
IDEPAR20,-32.61034,-63.57687,True
IPRESI26,-33.9037,-63.48617,True
IVILLA1585,-31.56468,-63.55554,False
IROSEG26,-31.70888,-63.51663,True
IJUREZCE2,-33.20335,-63.396,True
IJUREZ19,-33.20659,-63.39649,True
IGENER235,-32.47803,-63.49098,True
IROSEG3,-31.4828,-63.4858,False
IGENER84,-33.07761,-63.27917,True
ISANTA1211,-33.14201,-63.27978,True
IROSEG7,-31.64741,-63.35642,True
IROSEG6,-31.64752,-63.3564,True
IROSEG25,-31.86166,-63.27837,True
ICALCH1,-31.86106,-63.26002,True
IDEPAR24,-32.04837,-63.20017,True
IGENERAL29,-32.38752,-63.2481,True
ICRDOBAV12,-32.4084,-63.25929,True
IVILLA255,-32.42212,-63.26612,True
IVILLA564,-32.42206,-63.26598,True
ICRDOBAV11,-32.45831,-63.24699,True
IROSAL14,-34.1726,-63.15174,True
IPRESI18,-34.28921,-63.07721,True
IROSEG12,-31.53803,-63.35008,False
IROSEG5,-31.65056,-63.34527,True
IROSEG20,-31.64782,-63.32787,True
ICALCH2,-31.82235,-63.24038,True
IVILLA357,-32.39389,-63.24893,True
IPRESIDE9,-33.93237,-63.10918,True
IGENER136,-34.99474,-62.9935,False
ICALAPLA4,-32.13066,-63.02647,True
IUNIND7,-33.83358,-63.07027,True
IBAGENER2,-34.99403,-62.9927,False
IROSEG27,-31.66675,-63.21333,True
IUNINDEP8,-33.14614,-62.85382,True
IGENER328,-35.026,-63.013,False
IBUENOSA268,-34.99377,-62.98393,False
IROSEGUN12,-31.95266,-62.95919,True
IPOZOD3,-31.96485,-62.95581,True
IUNIND9,-32.72361,-62.90354,True
IJUSTI1,-32.8949,-62.7935,True
IUNIND8,-33.88088,-62.8413,True
ISANJU96,-31.66367,-63.05339,True
ICASACAN2,-31.66474,-63.05362,True
IGENERAL38,-35.03333,-63.01667,False
ISACAN1,-31.63576,-62.99316,True
IUNINDEP9,-32.59175,-62.83684,True
IUNIND3,-32.97619,-62.63995,True
IMONTE794,-33.31135,-62.59395,True
IGENER95,-34.27402,-62.71848,True
IGENER153,-34.27443,-62.7183,True
IUNINDEP6,-32.8901,-62.68016,True
IJUSTI2,-32.89,-62.677,True
IUNIND5,-32.91643,-62.66976,True
IMARCO46,-33.63077,-62.65502,True
IGENER39,-34.27404,-62.71837,True
ISANJU16,-31.6342,-62.9905,True
IUNIND6,-32.94331,-62.64167,True
IGUATI1,-33.37512,-62.54288,True
IMARCO45,-33.59964,-62.63028,True
IGENER152,-34.27405,-62.71827,True
IRUFIN8,-34.2741,-62.71825,True
ISANJUST4,-31.4258,-63.063,False
ISANJU163,-31.42219,-63.05584,False
ICORDOBA21,-31.41781,-63.06226,False
ISANJU137,-31.40835,-63.04326,False
IBELLV29,-32.623,-62.699,True
IGENER55,-34.27678,-62.70961,True
IGENER147,-34.26587,-62.70013,True
IBUENOSA228,-35.07018,-62.77043,False
ISANJU103,-31.38122,-62.82687,False
ILASVA3,-31.8149,-62.66791,True
ILASVA1,-31.81491,-62.66735,True
ILASVA4,-31.80152,-62.61994,True
IUNIND10,-32.71967,-62.5202,True
IUNINDEP7,-32.8776,-62.54501,True
IARIAS1,-33.643,-62.396,True
IGENER124,-34.25549,-62.67659,True
ISANJU56,-31.80311,-62.61366,True
ILASVA2,-31.806,-62.613,True
IUNIND11,-32.63209,-62.47656,True
IMARCO18,-33.23942,-62.4029,True
IMARCO4,-33.23812,-62.40187,True
IISLAV1,-33.34703,-62.35659,True
IBAFLORE2,-34.84522,-62.46643,False
IMARCO13,-33.46826,-62.31841,True
IGENER245,-34.11331,-62.44073,True
IGENER220,-34.19209,-62.54242,True
ICAELFOR3,-31.96781,-62.30485,True
IGENER212,-34.26004,-62.48217,True
IFLORE99,-34.82686,-62.39644,False
IFLORE129,-34.88131,-62.43404,False
IFLORE101,-34.90771,-62.45808,False
ISANJU117,-31.96777,-62.30475,True
IUNINDEP2,-32.37603,-62.30327,True
IMARCO14,-32.48887,-62.29673,True
ILEONE4,-32.61869,-62.31432,True
IFLORE44,-34.8864,-62.43049,False
ICAVILLA8,-31.32628,-62.81509,False
ISANJU43,-31.96685,-62.30408,True
IMARCO20,-32.64162,-62.30589,True
IAMENB2,-34.15824,-62.41907,True
IFLORE121,-34.77969,-62.26382,False
ISANJUST11,-31.5668,-62.25848,False
IGENER186,-34.014,-62.245,True
IGENER50,-33.87352,-62.17837,True
IGENER327,-35.0701,-62.44444,False
IGENER364,-33.07448,-62.26098,True
IMARCO31,-32.70973,-62.26438,True
ILEONE5,-32.83925,-62.2619,True
ICORRA24,-33.28956,-62.18776,True
IMARCO41,-33.2821,-62.18589,True
IGENER234,-34.18508,-62.31019,True
IGENER233,-34.2261,-62.35783,True
ISANFR5,-31.42175,-62.09169,False
IGENER120,-34.26615,-62.32563,True
IGENER210,-34.26647,-62.32347,True
IGENER213,-34.26677,-62.32304,True
ICORON63,-34.90742,-62.05104,False
ISANFRAN7,-31.43484,-62.07896,False
IFRONT90,-31.45447,-62.06335,False
IMARCO62,-32.692,-62.113,True
IINRIV1,-32.95489,-62.19322,True
IVENAD3,-33.72047,-62.00786,True
IGENER149,-34.10913,-62.15906,True
IGENERAL46,-34.575,-61.9833,True
ISANMA93,-31.89773,-61.84065,False
IBOUQU10,-32.3606,-61.93856,True
ISANMA134,-32.26572,-61.90105,True
ISANMART48,-32.2657,-61.90102,True
IMARCO67,-32.80747,-62.14012,True
ILACHI9,-33.5446,-61.9729,True
IVENAD4,-33.755,-61.97,True
IVENADOT2,-33.748,-61.96755,True
IMARAT12,-33.98409,-62.02066,True
IGENER189,-34.4017,-62.04299,True
IFRONT72,-31.42241,-62.0588,False
IPLAZA6,-31.3686,-62.09927,False
IBOUQU19,-32.37753,-61.92757,True
IBOUQU15,-32.37879,-61.92666,True
IMARCO49,-33.03006,-62.06252,True
ICAFFE7,-33.41893,-61.99214,True
IGENER30,-34.32626,-62.05275,True
ISANGR10,-34.32485,-62.05267,True
IBOUQU17,-32.37962,-61.92035,True
IBOUQU5,-32.43844,-61.92963,True
ICALOSSU3,-32.9813,-62.02894,True
IARTEA68,-33.18248,-61.95655,True
ICASTE469,-31.63277,-61.82643,False
ISANMA59,-31.77376,-61.82968,False
ISANMA108,-32.04941,-61.78163,False
IGENER348,-32.85501,-61.94036,True
IARTEA67,-33.18185,-61.95559,True
ICASER25,-33.34105,-61.96302,True
IGENER307,-33.61658,-61.8779,True
ISANTA1080,-31.434,-61.8577,False
ISANTA1081,-31.43399,-61.84443,False
IARTEA47,-33.178,-61.916,True
IROBER34,-35.07138,-62.00558,False
ICASTE226,-31.66501,-61.76643,False
ICASTE202,-31.68284,-61.74855,False
IGENER111,-33.61691,-61.79503,True
IGENERAL65,-33.89834,-61.82714,True
ILEAND17,-34.44118,-61.81163,True
ILEANDRO2,-34.44113,-61.81163,True
ILEAND2,-34.44075,-61.81027,True
ILEAND3,-34.44466,-61.80742,True
IPUEBL101,-31.67163,-61.75272,False
ITORTU3,-32.7455,-61.79251,True
ICRUZA9,-33.01,-61.811,True
IARTEA72,-33.094,-61.795,True
IGENER138,-33.84171,-61.77819,True
IGENER125,-34.38211,-61.75927,True
IPUEBL102,-31.67189,-61.75147,False
IELTRB1,-32.202,-61.704,True
ISANMA46,-32.20275,-61.69768,True
IBELGR68,-32.40125,-61.85362,True
IBOUQU3,-32.44668,-61.83784,True
IBELGR31,-32.5629,-61.76703,True
ITORTU2,-32.74675,-61.79193,True
IMARCOSJ3,-32.99076,-61.79148,True
ICRUZA12,-33.00784,-61.79809,True
ICASER18,-33.09416,-61.79478,True
ISANJO101,-33.24291,-61.75671,True
IGENER114,-34.3705,-61.7393,True
ILINCO23,-34.99394,-61.73475,False
ISANTA1082,-31.43806,-61.83708,False
IMONTE694,-32.59323,-61.76208,True
ICASER19,-33.09408,-61.79477,True
ICASER17,-33.09413,-61.79476,True
ICAADA4,-33.4649,-61.71279,True
IGENER51,-34.363,-61.73639,True
ILINCOLN80,-34.80903,-61.60336,False
ICASTE207,-31.71647,-61.55993,False
IARMST35,-32.86566,-61.66736,True
IARTEA81,-33.09403,-61.79472,True
IARTEA71,-33.09411,-61.79469,True
ISANTAFE23,-34.09528,-61.62832,True
IGENER96,-34.00431,-61.6076,True
ISANMA74,-32.25071,-61.65815,True
ILASPA77,-32.70896,-61.62049,True
IGENER29,-33.69802,-61.60375,True
IVEDIA1,-34.51663,-61.5843,True
ILINCO26,-34.86113,-61.54221,False
ICASTE222,-31.55134,-61.54561,False
IBELGR49,-32.39304,-61.77858,True
IBELGR27,-32.49019,-61.63215,True
ILASPA81,-32.6708,-61.58348,True
ICASER2,-33.11932,-61.70699,True
ICASER22,-33.11932,-61.70696,True
IGENER106,-33.77736,-61.54684,True
ILINCO64,-34.87087,-61.5377,False
IBUENOSA182,-34.86845,-61.52909,False
ILINCO220,-34.865,-61.526,False
ILINCO4,-34.8643,-61.52469,False
ILINCO137,-34.86939,-61.52623,False
ICENTE27,-32.25333,-61.5048,True
ICENTE26,-32.27552,-61.51979,True
ILASRO58,-32.41925,-61.67976,True
ILASPA72,-32.71113,-61.55494,True
IBERRE2,-32.92623,-61.54516,True
ICASER34,-33.11229,-61.70878,True
ICASER37,-33.11679,-61.70887,True
IGENER180,-33.42926,-61.4992,True
IGENER126,-33.44792,-61.49831,True
IGENER151,-33.85687,-61.47628,True
ILEAND6,-34.49901,-61.53946,True
ILINCO42,-34.86227,-61.5207,False
ILASRO40,-32.38337,-61.65745,True
IBELGR26,-32.48584,-61.57531,True
IBELGR17,-32.48604,-61.57523,True
ILASRO28,-32.477,-61.572,True
ILASRO54,-32.47395,-61.56774,True
IBELGRAN3,-32.68311,-61.52012,True
ISANJO74,-33.11068,-61.70217,True
ICASER23,-33.11057,-61.70212,True
ICONST1,-33.43489,-61.48514,True
ICONST54,-33.43706,-61.48428,True
IGENER311,-33.45,-61.4833,True
IBUENOSA510,-34.4869,-61.49007,True
ILEAND21,-34.48828,-61.49057,True
ILINCOLN82,-34.84235,-61.50777,False
ICENTE25,-32.27037,-61.43247,True
IBERRE5,-32.89731,-61.5049,True
ICONST4,-33.42855,-61.47077,True
IMELIN3,-33.65755,-61.45428,True
IMELIN1,-33.68913,-61.41368,True
IGENER224,-33.818,-61.432,True
IGENER305,-33.83686,-61.40856,True
ICENTE28,-32.32371,-61.47873,True
IPUEBL104,-33.14608,-61.46517,True
IGENER294,-33.83624,-61.40601,True
IHUGHE7,-33.83424,-61.40392,True
IHUGHE2,-33.97365,-61.30061,True
ICENTE23,-32.31177,-61.39925,True
ICAADA2,-32.81924,-61.40066,True
IIRION6,-32.81636,-61.39493,True
IIRION4,-32.82331,-61.38966,True
ICASER14,-33.24828,-61.36031,True
ISANCA85,-31.77721,-61.16613,False
ISANJE10,-32.016,-61.228,False
ISANJERN2,-32.03773,-61.21395,False
ISANJE11,-32.03663,-61.20859,False
ISANGE132,-32.35879,-61.34379,True
ICASER21,-33.24656,-61.3591,True
ICASER16,-33.24832,-61.36018,True
ICASER20,-33.2483,-61.36013,True
ICASER15,-33.23974,-61.34759,True
IGENER293,-33.8183,-61.36565,True
IHUGHE6,-33.88069,-61.32399,True
ICASTE369,-31.30071,-61.46056,False
ISANJE19,-31.6092,-61.14079,False
ICASTE444,-31.27866,-61.41804,False
ISANGE129,-32.36523,-61.34825,True
ICLASO2,-32.42639,-61.31074,True
ICLASO1,-32.42693,-61.30978,True
IBUSTI4,-32.73735,-61.29191,True
IGENER58,-33.80934,-61.33608,True
IASCEN5,-34.27364,-61.12754,True
ILEAND30,-34.53038,-61.23785,True
IDEPAR82,-31.53482,-61.08098,False
IDEPAR103,-31.72911,-61.09136,False
ILASCOLO2,-31.72864,-61.08856,False
IBUSTI3,-32.71486,-61.22759,True
ICASIL4,-33.08065,-61.21213,True
ICASER40,-33.05811,-61.1895,True
ISANFO4,-33.14722,-61.27769,True
ICASER6,-33.30531,-61.22815,True
ICASIL6,-33.15876,-61.19261,True
IJUNN15,-34.54672,-61.16615,True
ILINCO113,-34.77904,-61.20333,False
ISANJE20,-31.55299,-61.07711,False
IDEPAR66,-31.53487,-61.08073,False
IDEPAR88,-31.55239,-61.0754,False
ISANCA75,-31.80574,-61.0513,False
ISANJE7,-32.16021,-61.1085,False
ISANJE2,-32.16008,-61.10822,False
IIRION2,-32.5841,-61.17562,True
ICARCA45,-32.86187,-61.16494,True
ICASER41,-33.04902,-61.16814,True
ICASER12,-33.0443,-61.16682,True
ISANTAFE60,-33.29809,-61.18485,True
ICASER32,-33.37253,-61.18696,True
ICASER31,-33.3748,-61.18524,True
IBIGAN11,-33.36871,-61.18133,True
IJUNN12,-34.45857,-61.065,True
IJUNN23,-34.57778,-61.03011,True
IJUNN16,-34.71059,-61.1149,True
IJUNN7,-34.71643,-61.11986,True
ISANFA1,-32.11105,-61.04335,False
IIRION3,-32.5906,-61.1708,True
IIRIONDO2,-32.70645,-61.16761,True
ISALTO72,-32.65654,-61.1344,True
ICASIL5,-33.03667,-61.16032,True
ICONSTIT3,-33.53832,-61.11558,True
IJUNN17,-34.57616,-61.02756,True
IGENER38,-34.78787,-61.15712,False
ICASIL2,-33.12349,-61.08713,True
ICASER26,-33.37317,-61.17797,True
ICOLN10,-33.89708,-61.10893,True
IJUNN8,-34.65689,-61.04462,True
ICLARK12,-32.55349,-61.01186,True
ISANLORE34,-32.8833,-61.0333,True
IROJAS1,-34.00709,-60.87512,True
IJUNN13,-34.56278,-60.9517,True
IJUNN18,-34.62176,-60.97683,True
IDEPARTA90,-31.58869,-60.93779,False
IDEPAR106,-31.68496,-60.93415,False
ISANAG24,-31.68488,-60.93374,False
ISANAG30,-31.68711,-60.93251,False
IMONJE2,-32.36636,-60.93696,True
ISEROD1,-32.60405,-60.95244,True
IJUNN4,-34.59392,-60.94645,True
IBUENOSA306,-34.62174,-60.97681,True
ISANLORE31,-32.89585,-60.89975,True
IPERGA1,-33.91396,-60.83619,True
IJUNN26,-34.58854,-60.93216,True
IBUENOSA518,-34.60157,-60.94479,True
IOLIVE78,-32.57265,-60.85191,True
ISANLORE35,-32.91821,-60.872,True
IROSARIO31,-32.91897,-60.86213,True
ICONST47,-33.58137,-60.75068,True
ISARGE5,-33.47611,-60.71605,True
IPERGA3,-33.99409,-60.73101,True
IPERGAMI6,-33.95139,-60.73365,True
ISANTA620,-31.66641,-60.81373,False
ISANLO21,-32.61976,-60.76074,True
IROSARIO29,-32.92653,-60.83417,True
IFUNES8,-32.934,-60.83,True
ICONSTIT2,-33.3564,-60.72448,True
IPERGA22,-33.86063,-60.72686,True
ISANTA545,-31.6643,-60.81274,False
IALDEA25,-31.99428,-60.58623,False
ISANLO46,-32.62556,-60.75908,True
ISANLO49,-32.77302,-60.78739,True
IIBARL1,-32.84834,-60.78878,True
IROSAR91,-32.916,-60.81739,True
IROSAR89,-32.91727,-60.81134,True
ISANTAFE35,-32.91727,-60.81128,True
IROSAR60,-32.92734,-60.81408,True
IROSAR62,-32.93438,-60.80925,True
IROSAR61,-33.11406,-60.74818,True
ISANTAFE6,-33.18419,-60.73627,True
IPERGA4,-33.76541,-60.6509,True
IPERGA20,-33.91492,-60.64471,True
IROJAS6,-34.28152,-60.56347,True
ISANTA587,-31.64623,-60.79306,False
ISANTO134,-31.67362,-60.77039,False
IDIAMANT2,-31.9833,-60.5833,False
ISANLO71,-32.74536,-60.74527,True
IROSAR5,-32.93009,-60.80476,True
IPREZ1,-32.9975,-60.76801,True
IROSAR59,-33.08483,-60.73341,True
IROSAR58,-33.08493,-60.72656,True
IPERGA17,-33.86997,-60.57628,True
IPERGA2,-33.90082,-60.57478,True
ILAINV4,-34.26686,-60.51783,True
ISANTAFE119,-31.66348,-60.75888,False
ISANTA816,-31.65618,-60.71825,False
ISANTAFE111,-31.65708,-60.71803,False
ISANLO11,-32.81152,-60.72078,True
IROSAR68,-32.91787,-60.8096,True
ISANTAFE18,-33.31502,-60.60337,True
IPERGA19,-33.90092,-60.57457,True
IPERGA14,-33.89128,-60.57283,True
ISANTAFE130,-31.60699,-60.70356,False
ISANLORE33,-32.81974,-60.70554,True
IROSAR13,-32.96384,-60.72445,True
ICONSTIT7,-33.39299,-60.49813,True
IBAPERGA16,-33.86659,-60.56293,True
IIRALA5,-34.83768,-60.61493,False
ISANTAFE84,-31.63728,-60.70749,False
ISANTA314,-31.62561,-60.70194,False
ISANTA313,-31.62564,-60.70194,False
ISANTA304,-31.62572,-60.70164,False
ISANTA1257,-31.64324,-60.69497,False
ISANTAFE65,-31.63302,-60.69578,False
IPARAN56,-31.82325,-60.52064,False
IPARAN86,-31.78198,-60.51729,False
IROSAR57,-32.85991,-60.71149,True
IROSAR38,-32.87644,-60.73495,True
IROSARIO16,-32.86036,-60.70676,True
IROSAR56,-32.86011,-60.70646,True
IROSAR102,-32.923,-60.786,True
IROSARIO34,-32.92541,-60.77119,True
ISANTAFE105,-32.99466,-60.6511,True
IVILLA133,-33.0257,-60.62199,True
IGENER418,-33.103,-60.571,True
IROSARIO28,-33.10956,-60.55213,True
IARROY63,-33.15906,-60.51903,True
ISANNICO29,-33.60379,-60.38225,True
IPERGA15,-33.89565,-60.55625,True
ILAINV2,-34.26746,-60.39883,False
ISANTAFE122,-31.60392,-60.69562,False
ISANTAFE69,-31.57867,-60.68789,False
ISANTAFE34,-31.62805,-60.69119,False
ISANTAFE124,-31.61235,-60.68245,False
ISANTAFE126,-31.63593,-60.68828,False
IPARAN66,-31.77588,-60.50535,False
IPARAN88,-31.75355,-60.50232,False
ICRESP10,-32.03983,-60.32595,False
ICRESP8,-32.0316,-60.30526,False
IROSAR86,-32.89051,-60.68974,True
IROSAR15,-32.89896,-60.69244,True
IROSAR17,-32.89979,-60.69228,True
IROSAR50,-32.92934,-60.73786,True
ISANTAFE118,-32.93784,-60.73162,True
IROSAR84,-32.9332,-60.7174,True
IROSAR73,-32.93401,-60.7174,True
IROSAR26,-32.93412,-60.71754,True
IROSAR75,-32.93414,-60.71752,True
IROSAR30,-32.96858,-60.66728,True
IROSAR93,-32.9963,-60.63944,True
IROSAR96,-33.10744,-60.55261,True
ISANNICO24,-33.59481,-60.35403,True
ICHACABU4,-34.63333,-60.46667,False
ISANTA494,-31.59487,-60.67429,False
ISANTA991,-31.603,-60.673,False
ISANTA992,-31.603,-60.673,False
ISANTA1278,-31.62,-60.682,False
ISANTA473,-31.63583,-60.68831,False
IPARAN41,-31.72139,-60.53831,False
IENTRERO9,-31.73146,-60.51952,False
IROSARIO46,-32.90334,-60.67803,True
IROSAR18,-32.91267,-60.6879,True
IROSAR52,-32.92968,-60.67874,True
ISANTAFE8,-32.94759,-60.67397,True
IROSAR33,-32.93737,-60.6755,True
IROSAR35,-32.93737,-60.67548,True
IROSAR34,-32.93787,-60.67271,True
IROSAR117,-32.953,-60.669,True
IROSAR110,-32.968,-60.654,True
IROSAR28,-32.96824,-60.65367,True
IROSAR123,-32.96822,-60.65362,True
IROSAR121,-32.96822,-60.65359,True
IROSAR23,-32.96823,-60.65354,True
IROSAR97,-33.10757,-60.55236,True
ISANNICO25,-33.52186,-60.31984,True
IBUENOSA526,-34.74052,-60.36762,False
ISANTA71,-31.59816,-60.66792,False
ISANTA1688,-31.6127,-60.66697,False
ISANTA1351,-31.62635,-60.67867,False
ISANTAFE131,-31.63024,-60.60355,False
ISANTAFE106,-31.63036,-60.60333,False
IPARAN98,-31.72803,-60.51252,False
IPARAN81,-31.72767,-60.51256,False
IPARAN80,-31.75396,-60.46815,False
IROSAR76,-32.92824,-60.66292,True
IROSAR100,-32.934,-60.661,True
IROSARIO26,-32.93967,-60.63812,True
IROSAR47,-32.94756,-60.6463,True
IROSARIO36,-32.94976,-60.64471,True
IROSARIO39,-32.95218,-60.64463,True
ISFCALZA2,-32.95,-60.643,True
IROSAR54,-32.95658,-60.65012,True
IROSAR90,-32.95996,-60.64228,True
IROSARIO6,-32.95418,-60.63477,True
IROSAR69,-32.95807,-60.6361,True
IROSAR67,-33.12773,-60.50851,True
ICONST44,-33.31783,-60.3208,True
IPERGA18,-33.89796,-60.54726,True
IPERGA21,-33.89951,-60.54523,True
IPERGAMI7,-33.90522,-60.52405,True
ISALTO12,-34.29411,-60.25742,False
ISALTO18,-34.31591,-60.2473,False
ISALTO4,-34.29391,-60.24297,False
IANGEL21,-31.5647,-60.63927,False
ISANJO104,-31.57781,-60.54377,False
IPARAN79,-31.754,-60.46804,False
ISANTAFE78,-32.94104,-60.63556,True
IROSAR107,-32.94843,-60.63126,True
IROSARIO11,-32.96047,-60.63338,True
IROSAR70,-32.95807,-60.6358,True
ISALTO7,-34.37534,-60.23655,False
ISANTA827,-31.54426,-60.5169,False
IPARAN78,-31.754,-60.46796,False
ICONSTIT4,-33.23227,-60.32683,True
ISANNI16,-33.34429,-60.23254,True
ICHACA6,-34.52686,-60.22539,False
IARROY59,-31.51157,-60.4661,False
IVILLA936,-31.62874,-60.35479,False
IRAWSO17,-34.60859,-60.06684,False
IBRAGA532,-35.11469,-60.48874,False
IBUENOSA378,-35.12044,-60.47433,False
IPARAN30,-31.74969,-60.4013,False
IPARAN35,-31.75072,-60.40124,False
IPARAN33,-31.75096,-60.40123,False
IHERNN1,-32.40747,-59.94801,False
ISANNI25,-33.32282,-60.22486,True
ISANNI35,-33.33452,-60.22236,True
ISANNICO36,-33.3375,-60.21816,True
ISANNI7,-33.33976,-60.21611,True
ISANNI45,-33.33968,-60.21601,True
IBUENOSA95,-34.88416,-60.0315,False
ISANNI2,-33.3386,-60.21414,True
IARREC9,-34.10785,-60.0695,False
ICHIVI2,-34.88955,-60.01668,False
IPARAN21,-31.70212,-60.23156,False
IERVIALE3,-31.87181,-60.01722,False
IENTRERO14,-32.73251,-59.95188,False
ISANNI51,-33.33651,-60.21306,True
IARREC10,-34.09054,-60.00072,False
ICHIVI12,-34.87026,-59.99746,False
ISANNI27,-33.33618,-60.20759,True
ICAPIT69,-34.10656,-59.94738,False
ICASTI160,-34.56705,-59.9385,False
ICHIVI5,-34.76359,-59.93445,False
ICHIVI11,-34.86979,-59.99706,False
ICAPIT8,-34.12154,-59.91475,False
ICHIVILC5,-34.89254,-60.00367,False
IELPIN12,-31.57943,-59.91336,False
ISANPEDR35,-33.87165,-59.87793,False
ISANPEDR53,-33.88078,-59.87538,False
ICHIVI20,-34.89283,-60.00365,False
IDEPAR124,-32.59953,-59.49749,False
IBUENOSA267,-34.37686,-59.82277,False
IPARAN47,-31.82864,-59.71447,False
IPARAN44,-31.84422,-59.70678,False
IBUENOSA489,-33.69224,-59.67658,False
IBUENOSA473,-33.67424,-59.66768,False
ISANPE32,-33.88609,-59.68108,False
IBARADER2,-33.98331,-59.6709,False
ICAPIT40,-34.1651,-59.7326,False
ICAPIT44,-34.16546,-59.73266,False
ICARME12,-34.37757,-59.82116,False
ICHIVI6,-34.78903,-59.86612,False
IHERNA51,-31.24903,-60.00265,False
INOGOYDE2,-32.07533,-59.44906,False
ICAPIT43,-34.16496,-59.73167,False
IENTRERO15,-31.39391,-59.71103,False
ILAPAZ46,-31.38665,-59.66655,False
IBARAD6,-33.8154,-59.51693,False
ISUIPA1,-34.77305,-59.69273,False
IPARAN27,-31.22947,-59.98642,False
ITALADEP4,-32.30333,-59.14139,False
IDEPAR11,-33.1508,-59.32459,False
IBARAD3,-33.81841,-59.50838,False
IVILLA602,-31.67271,-59.30949,False
ISANAN26,-34.30557,-59.51685,False
ISANAN74,-34.434,-59.46,False
ISANANDR8,-34.45724,-59.45503,False
IMERCE15,-34.67672,-59.47258,False
IVILLA601,-31.67863,-59.3067,False
INOGOY1,-32.07726,-59.46282,False
IDEPAR95,-32.85635,-59.36646,False
IBARAD4,-33.92148,-59.37343,False
ISANAN9,-34.25227,-59.48069,False
ISANAN15,-34.46347,-59.44805,False
IMERCE29,-34.67438,-59.45762,False
IMERCE10,-34.64969,-59.43887,False
ICHIVI17,-34.8688,-59.97407,False
ICHIVI1,-34.90303,-60.00219,False
IVILLA619,-31.64599,-59.28001,False
IIRAZU4,-32.92652,-58.95683,False
IBUENOSA44,-34.24459,-59.47641,False
ISANAN107,-34.44568,-59.4461,False
ISANAN59,-34.45347,-59.4278,False
IMERCE12,-34.67188,-59.43087,False
IMERCEDE4,-34.70019,-59.42953,False
IBALARIC2,-34.97729,-59.84625,False
INAVARRO2,-34.92495,-59.54168,False
